http://imgur.com/4CQ7g2K.jpg,0
http://imgur.com/mF4Cgo4.jpg,0
http://imgur.com/YdUvIJP.jpg,0
http://imgur.com/DI8NNvZ.jpg,0
http://imgur.com/aozWtce.jpg,0
http://imgur.com/02erQws.jpg,0
http://imgur.com/NllcIso.jpg,0
http://imgur.com/ElIIOP4.jpg,0
http://imgur.com/ZAfBNDi.jpg,0
http://imgur.com/ldybVNW.jpg,0
http://imgur.com/qNOINfx.jpg,0
http://imgur.com/ymGSJAz.jpg,0
http://imgur.com/SDgeaYL.jpg,0
http://imgur.com/cym6Rvu.jpg,0
http://imgur.com/X9vFrfr.jpg,0
http://imgur.com/QFIrdUe.jpg,0
http://imgur.com/8T7wbZp.jpg,0
http://imgur.com/wS5Apyt.jpg,0
http://imgur.com/uN2kovf.jpg,0
http://imgur.com/Hl8bRN2.jpg,0
http://imgur.com/pP1gJpb.jpg,0
http://imgur.com/wDHpvSX.jpg,0
http://imgur.com/LVL3Wt6.jpg,0
http://imgur.com/2Qz9DrL.jpg,0
http://imgur.com/XNge8LI.jpg,0
http://imgur.com/XtsytgE.jpg,0
http://imgur.com/6Qynzdh.jpg,0
http://imgur.com/iFfJ22V.jpg,0
http://imgur.com/9dGFN2g.jpg,0
http://imgur.com/tprxLnY.jpg,0
http://imgur.com/iPMgDQY.jpg,0
http://imgur.com/mKp2rhX.jpg,0
http://i.imgur.com/O6XMAeC.jpg,0
http://i.imgur.com/VTWZPu5.jpg,0
http://i.imgur.com/fi93Fb3.jpg,0
http://i.imgur.com/NQRPN14.jpg,0
http://i.imgur.com/bte2uAi.jpg,0
http://i.imgur.com/nxfRZV3.jpg,0
http://i.imgur.com/6YBFruS.jpg,0
http://i.imgur.com/gVB7Ecc.jpg,0
http://i.imgur.com/0SsQubn.jpg,0
http://i.imgur.com/vxQExOL.jpg,0
http://i.imgur.com/hYgcgvB.jpg,0
http://i.imgur.com/dlLvf8l.jpg,0
http://i.imgur.com/2YCNEo3.jpg,0
http://i.imgur.com/usajDV0.jpg,0
http://i.imgur.com/JKqyggk.jpg,0
http://i.imgur.com/2WFuw5Q.jpg,0
http://i.imgur.com/lk8MQk1.jpg,0
http://i.imgur.com/C3VV2j8.jpg,0
http://i.imgur.com/9sfrVo1.jpg,0
http://i.imgur.com/f44IZ3q.jpg,0
http://i.imgur.com/WVbfFKe.jpg,0
http://i.imgur.com/tIO57L8.jpg,0
http://i.imgur.com/ZOQ9gMw.jpg,0
http://i.imgur.com/JKOMVRn.jpg,0
http://i.imgur.com/Gn4oxa3.jpg,0
http://i.imgur.com/uygNjlr.jpg,0
http://i.imgur.com/se7c5eS.jpg,0
http://i.imgur.com/ZcJWyAn.jpg,0
http://i.imgur.com/Au6wb1F.jpg,0
http://i.imgur.com/KA5E3Cn.jpg,0
http://i.imgur.com/m1C47oc.jpg,0
http://i.imgur.com/5JG3xup.png,0
http://i.imgur.com/CG2ihjv.jpg,0
http://i.imgur.com/2s65YJ0.jpg,0
http://i.imgur.com/lWs6SYZ.jpg,0
http://i.imgur.com/jrUUghr.jpg,0
http://i.imgur.com/pIMCT0h.jpg,0
http://i.imgur.com/OgHRWz3.jpg,0
http://i.imgur.com/ybshg6L.jpg,0
http://i.imgur.com/Bf35rvM.jpg,0
http://i.imgur.com/KHEnqnW.jpg,0
http://i.imgur.com/tKoOOFP.jpg,0
http://i.imgur.com/mdvhUml.jpg,0
http://i.imgur.com/LqDH9Fs.jpg,0
http://i.imgur.com/oTkUZH2.jpg,0
http://i.imgur.com/WZjq46D.jpg,0
http://i.imgur.com/5ZL02ei.jpg,0
http://i.imgur.com/lqxMODv.jpg,0
http://i.imgur.com/z86NuOv.jpg,0
http://i.imgur.com/o1ROlpj.jpg,0
http://i.imgur.com/lX1MwDW.jpg,0
http://i.imgur.com/MgHOrZ1.jpg,0
http://i.imgur.com/C8DY9Rq.jpg,0
http://i.imgur.com/4JGxsHy.jpg,0
http://i.imgur.com/5J6oIHZ.jpg,0
http://i.imgur.com/MYQvP3W.jpg,0
http://i.imgur.com/0oa73cu.jpg,0
http://i.imgur.com/dhFNFWE.jpg,0
http://i.imgur.com/lmcsuav.jpg,0
http://i.imgur.com/OTciDkh.jpg,0
http://i.imgur.com/X0I47R9.jpg,0
http://i.imgur.com/cI9PkVW.jpg,0
http://i.imgur.com/any2BB6.jpg,0
http://i.imgur.com/ljc1TmG.jpg,0
http://i.imgur.com/vzILQPd.jpg,0
http://i.imgur.com/Yh5euw1.jpg,0
http://i.imgur.com/PAbAnQ1.jpg,0
